Profile ID,Candidate Name,Location,Desired Employment Type,Expected Salary,Experience,Highest Education,Skills,Career Objective
P001,Alice Johnson,"New York, NY",Full-time,120-140K,4 years,"Master’s in Computer Science, AI, or related field","Python,TensorFlow,PyTorch,Machine Learning,Deep Learning,Data Engineering",To leverage expertise in machine learning and deep learning to develop innovative solutions and advance AI applications in industry.
P002,John Smith,Remote,Internship,15-20K (Stipend),0-1 years,"Currently pursuing a Bachelor’s in Computer Science, AI, or related field","Python,Machine Learning Basics",To gain hands-on experience in machine learning and contribute to real-world projects as part of a dynamic AI team.
P003,Emily Carter,"Boston, MA",Internship,15-20K (Stipend),0-1 years,Currently pursuing a Master’s in Bioinformatics or Computational Biology,"Python,Data Analysis,Bioinformatics Tools,Machine Learning Basics",To apply machine learning techniques in solving complex biological problems and gain experience in integrating AI with bioinformatics research.
P004,Sophia Lin,"San Francisco, CA",Full-time,100-120K,3 years,Bachelor’s in Computer Science or related field,"HTML,CSS,JavaScript,React,TypeScript,UI/UX Design",To design and implement user-friendly and visually appealing web applications that enhance user experience and drive business success.
P005,Liam Carter,Remote,Full-time,70-90K,1 year,Bachelor’s in Computer Science or related field,"HTML,CSS,JavaScript",To contribute to front-end development by building simple and responsive web interfaces while gaining advanced experience in modern frameworks.
P006,James Nguyen,"Austin, TX",Full-time,100-120K,4 years,Bachelor’s in Computer Science or related field,"Python,Java,SQL,REST APIs,Docker,Microservices",To build scalable and efficient back-end systems that support seamless user experiences and robust application performance.
P007,Michael Johnson,"Los Angeles, CA",Full-time,45-55K,3 years,High School Diploma; Firefighter Certification,"Firefighting,Emergency Response,Physical Stamina,Teamwork,CPR",To protect lives and property by effectively responding to emergencies and ensuring public safety in critical situations.
P008,Jason Lee,"Las Vegas, NV",Full-time,50-70K,5 years,High School Diploma; Professional Combat Training Certification,"Boxing,Mixed Martial Arts,Physical Stamina,Discipline,Quick Reflexes",To leverage extensive combat training and athletic abilities to excel in professional competitions and contribute to training programs for aspiring athletes.
P009,Chris Walker,"Houston, TX",Full-time,50-60K,8 years (Military Service),High School Diploma; Firefighting Training in Progress,"Physical Fitness,Emergency Response,Teamwork,Leadership,CPR","To transition from a successful military career into firefighting, utilizing extensive physical training, emergency response experience, and teamwork skills to protect and serve the community."
P010,Ethan Carter,"Denver, CO",Full-time,45-50K,3 years (Software Engineering),Bachelor’s in Computer Science; Firefighting Training in Progress,"Problem Solving,Team Collaboration,CPR,Basic Physical Fitness","To transition from a software engineering career into firefighting, driven by a passion to protect and serve the community while developing the physical and teamwork skills required for success in emergency response."
P011,Dr. Sarah Brown,"Springfield, IL",Full-time,180-200K,10 years,Doctor of Medicine (MD); Board Certified,"Patient Care,Diagnosis,Treatment Planning,Medical Records,Team Collaboration,Public Health",To deliver high-quality medical care and advance public health initiatives in a patient-focused environment.
P012,Dr. John White,"Springfield, IL",Full-time,150-160K,6 years,Doctor of Medicine (MD),"Patient Care,Diagnosis,Treatment Planning",To provide patient-centered care and enhance clinical skills in a collaborative medical environment.
P013,Dr. Emily Davis,"Nearby City, IL",Full-time,120-140K,2 years,Doctor of Medicine (MD),Basic Patient Care,To gain experience and further develop medical expertise in a supportive healthcare facility.
P014,Dr. Michael Chen,"Chicago, IL",Full-time,450-500K,15 years,Doctor of Medicine (MD) with Neurosurgery Board Certification,"Neurosurgery,Patient Care,Surgical Precision,Diagnosis,Research,Leadership",To lead cutting-edge neurosurgical procedures and contribute to advancements in neurological research.
P015,Dr. Linda Parker,"Chicago, IL",Full-time,300-350K,8 years,Doctor of Medicine (MD) with Neurosurgery Specialization,"Neurosurgery,Patient Care,Diagnosis",To perform high-quality neurosurgical procedures and grow expertise in complex neurological cases.
P016,Dr. Kevin Lopez,"Chicago Suburbs, IL",Full-time,250-300K,5 years,Doctor of Medicine (MD),Basic Neurosurgery,To build experience in neurosurgery and improve surgical skills in a supportive team.
P017,Dr. Anna Patel,"Boston, MA",Full-time,500-550K,15 years,Doctor of Medicine (MD) with Pediatric Neurosurgery Board Certification,"Pediatric Neurosurgery,Patient Care,Surgical Precision,Neurological Diagnosis,Collaboration,Research",To provide world-class neurosurgical care for children and advance research in pediatric neurological disorders.
P018,Dr. Mark Simmons,"Boston, MA",Full-time,350-400K,10 years,Doctor of Medicine (MD) with Pediatric Neurosurgery Specialization,"Pediatric Neurosurgery,Patient Care,Surgical Precision",To excel in pediatric neurosurgical procedures and deliver exceptional patient outcomes.
P019,Dr. Olivia Green,"Boston Suburbs, MA",Full-time,300-350K,5 years,Doctor of Medicine (MD),Basic Neurosurgery,To transition into pediatric neurosurgery and gain experience in complex surgical cases.
P020,Alice Zhao,Remote,Internship,25K (Stipend),1 year,Currently pursuing a PhD in AI,"Python,Machine Learning,Deep Learning,NLP,Research Papers",To contribute to cutting-edge AI research and publish findings in top-tier conferences.
P021,Brian Kim,Remote,Internship,20K (Stipend),0-1 years,Currently pursuing a Master’s in AI,"Python,Machine Learning Basics",To gain hands-on experience in AI research and improve technical skills.
P022,Charles Lee,Nearby City,Internship,15K (Stipend),0 years,Currently pursuing a Bachelor’s in Computer Science,Basic Python,To explore AI concepts and build foundational experience in machine learning.
P023,Sophia Wang,"San Francisco, CA",Internship,20K (Stipend),1 year,Currently pursuing a Master’s in Software Engineering,"Python,JavaScript,Web Development,React,Git",To contribute to real-world software development projects and improve front-end and back-end engineering skills.
P024,Liam Cooper,"San Francisco, CA",Internship,15-18K (Stipend),0-1 years,Currently pursuing a Bachelor’s in Computer Science,"Python,JavaScript",To gain experience in web development and improve coding practices in a collaborative environment.
P025,Emma Davis,"Nearby City, CA",Internship,15K (Stipend),0 years,Currently pursuing a Bachelor’s in Computer Science,Basic Python,To explore software engineering concepts and learn foundational coding skills in a team setting.
